﻿name,adress,low_price,high_price,bed,longitude,latitude
北京市大兴区榆垡镇养老照料中心,北京市大兴区榆垡镇盛平街空港新苑养老服务配套建设,3600,11700,160,116.3147163,39.52390565
北京市房山区大石窝镇社会福利中心,北京市房山区大石窝镇辛庄村,4500,6000,145,115.8130084,39.55664345
大石窝镇养老照料中心,北京市房山区大石窝镇石窝村村委会北750米,1600,4600,133,115.825608,39.56297807
北京市大兴区礼贤镇养老照料中心,北京市大兴区礼贤镇东黄垡村明仓街23号文化大院,1700,3700,50,116.3349455,39.57164656
北京市房山区金海老年服务中心,北京市房山区张坊镇张坊村南,2900,5800,40,115.7166481,39.57741364
北京宁心园康养产业有限公司,北京市房山区张坊镇张坊村南新房易路延伸路段南49米,1000,2500,79,115.7166481,39.57741364
北京市房山区琉璃河镇国立老年福利院,北京市房山区琉璃河镇路村,3080,5700,336,116.1186443,39.58991617
北京市房山区琉璃河镇养老照料中心,北京市房山区琉璃河镇官庄村三区98号,2500,5000,80,116.1718275,39.59802175
北京市房山区琉璃河红叶老年公寓,北京市房山区琉璃河李庄村,2500,5500,94,116.0098487,39.60371796
北京市松鹤养老院有限公司,北京市房山区琉璃河三街村北2幢、8幢,3300,5600,80,116.0380205,39.60417243
北京市大兴区庞各庄镇社区社会福利中心,北京市大兴区庞各庄镇北顿垡村裕文巷1号,3280,7740,110,116.3704896,39.60777797
北京国基昌盛投资管理有限公司,北京市大兴区庞各庄镇西义堂村南1号,3980,8080,324,116.3460494,39.61555342
北京房山区韩村河镇敬老院,北京市房山区韩村河镇龙门口村,3200,5400,274,115.9109345,39.61917664
北京雅布伦养老院,北京市房山区琉璃河镇房窑路13号,600,3000,196,116.2007855,39.6208428
房山区韩村镇养老照料中心（岳各庄村）,北京市房山区韩村河镇岳各庄村北岳圣路北100米,2700,2700,150,115.917643,39.62275068
北京市大兴区安定镇敬老院,北京市大兴区安定镇善台子村北,950,1150,72,116.5127525,39.62547715
虹枫老年护养院,北京市大兴区庞各庄镇工业区隆新大街5号,600,3000,187,116.330919,39.62556413
北京市房山区窦店镇福星养老院,北京市房山区窦店镇袁庄村,2180,2280,130,116.1204391,39.62882024
北京市大兴区魏善庄镇敬老院,北京市大兴区魏善庄镇魏庄村北,1800,6400,52,116.4051597,39.63364487
北京市大兴区乐老汇养老服务中心,北京市大兴区隆兴园三里18#1、2、3层,3200,4700,62,116.3127404,39.63921664
北京市大兴区林校路街道老年人服务中心,北京市大兴区庞各庄桥东4.6公里,1700,6900,200,116.3299849,39.64106116
北京一福寿山福海养老服务中心,北京市大兴区庞各庄镇苗圃路51号,4940,19500,648,116.3448433,39.64419715
北京市大兴区福提园养老院,北京市大兴区北臧村镇北高各庄村,2700,14100,700,116.2787214,39.64808199
北京市房山区窦店镇敬老院,北京市房山区窦店镇交道一街村三区,3500,5200,53,116.1305738,39.6523391
北京市房山区十渡镇社会福利中心,北京市房山区十渡镇十渡村,1500,3600,50,115.6011646,39.65239208
北京市房山区石楼镇老年社会福利院、北京市房山区石楼镇馨时待养老照料中心,北京市房山区石楼镇支楼村甲1号,2800,6900,130,115.9721178,39.65548971
北京市大兴区绿康源老年护养院,北京市大兴区采育经济开发区育政街19号院,3800,6400,90,116.6674773,39.65615125
采育镇敬老院,北京市大兴区采育镇大皮营村北,1200,1200,120,116.672432,39.65889612
北京市通州区永乐店镇九康养老照料中心,北京市通州区永乐店镇大务村586号,600,1200,96,116.8461693,39.66906455
北京市大兴区颐乐养老院,北京市大兴区魏善庄镇魏善庄村,3900,6400,226,116.4321372,39.66948409
采育镇养老照料中心,北京市大兴区采育镇育新花园北里1#公建,500,500,132,116.6419011,39.67037939
北京市房山区良乡镇福港老年服务中心,北京市房山区良乡镇下禅坊村南,3390,5290,450,116.1561297,39.67448878
北京市房山区弘远慈航养老服务中心,北京市房山区城关街道东瓜地村东兴大街甲6号,2600,3200,196,116.0185667,39.67690553
北京市房山区厚泽养老院,北京市房山区城关街道东瓜地村,2100,3100,110,116.0185667,39.67690553
北京市房山区天毓山庄养老服务中心,北京市房山区周口店镇新庄村,800,800,112,116.0064235,39.68003877
北京市大兴区青云店镇养老照料中心,北京市大兴区青云店镇大东新村大东园43-A,4960,5180,150,116.5333161,39.6803485
北京长阳普乐园爱心养老院,北京市房山区长阳镇佛满村路东,3580,4580,245,116.208897,39.68324704
北京市大兴区天宫院街道养老照料中心,北京市大兴区天宫院街道融汇小区西门12号楼1层,3420,5940,46,116.3273386,39.68334602
北京市大兴区长子营镇敬老院,北京市大兴区长子营镇河津营村东,500,3400,160,116.6097524,39.68654199
北京市大兴区青云店镇敬老院,北京市大兴区青云店镇政府北104国道西侧垡上村正南,3300,5400,182,116.508106,39.69271785
北京中恒华康养老服务有限公司,北京市大兴区黄村镇西芦村铁道部第十六工程局四处院内3幢,3300,8500,400,116.4178231,39.69295208
北京市密云区金正福寿敬老院,北京市密云区靶场路雷达站东侧,1850,3600,280,115.9865639,39.70207798
百岁人生长者社区,北京市房山区兴房大街21号28号楼一层1101室,4000,27200,80,115.996508,39.70263576
北京市房山区城关街道办事处敬老院,北京市房山区城关西大街33号,2165,3765,330,115.9895135,39.70776695
北京桐语嘉养老服务有限公司,北京市房山区饶乐府村村委会西3号院,2000,2000,80,116.0121448,39.70834459
北京市房山区拱辰街道社会福利中心,北京市房山区拱辰街道梨村村西,230,3590,500,116.1913271,39.70928656
房山区燕山龙振星城老年家园,北京市房山区燕化星城健德二里乙21号,3190,6800,100,116.0746009,39.71540105
北京市房山区国爱老年人服务中心,北京市房山区阎村镇紫园路14号,3200,6600,110,116.0987984,39.71827896
恒煦·满园持续照料长者社区,北京市房山区荷园西街12号院恒煦·满园长者社区,6600,8100,230,116.1617103,39.72132477
北京市房山区丽昆老年护理院,北京市房山区阎村镇大石河丙97号,2250,3350,150,116.0988966,39.72188331
燕山向阳养老照料中心,北京市房山区向阳街道燕房路临111号,3160,7280,97,115.984157,39.72191368
北京市大兴区林校路街道养老照料中心,北京市大兴区义锦北街5号院2号楼1、2层及8号楼1、2层,5000,8600,30,116.3267807,39.72376783
北京市通州区于家务回族乡三乐养老照料中心,北京市通州区于家务西里26号楼四层,4968,6968,37,116.7063241,39.72656832
北京市大兴区安泰老年护养院,北京市大兴区黄村镇刘村二队通黄路南26号,3790,7540,320,116.3892011,39.72728627
北京市房山区西潞街道养老照料中心,北京市房山区西潞街道安庄村北,3520,16100,300,116.1351508,39.7284261
北京泰和睿园养老服务有限公司,北京市房山区西潞街道安庄村村委会北380米,5475,28300,1108,116.1351508,39.7284261
北京市房山区迎风街道养老照料中心,北京市房山区迎风街21号,3080,5700,55,115.9601807,39.73101366
西潞园长者照料中心,北京市房山区西潞园小区一里4号楼西侧（临16号）,5400,10600,75,116.127433,39.73388724
北京市房山区燕山养老院,北京市房山区燕山迎风西路21号,3300,6350,100,115.9568684,39.73475354
北京市房山区西潞街道社会福利中心,北京市房山区西潞街道太平庄村,2100,7500,70,116.1258095,39.73698951
北京市房山区同年华养老院,北京市房山区新镇云核路1号,200,2000,150,116.0674849,39.74002311
北京市大兴区兴丰街道养老照料中心,北京市大兴区黄村镇三合北巷7号院2号楼,4300,6790,114,116.3248463,39.74200528
北京市房山区随园养老中心,北京市房山区长阳镇阜盛东街48号院,6800,18800,770,116.1966354,39.74659726
北京卫华养老院有限公司,北京市大兴区观音寺街道黄马路北,4200,8800,180,116.5316889,39.74809681
北京市通州区漷县镇社会福利中心,北京市通州区漷县镇凌庄村南,3300,5400,120,116.8595386,39.75245483
北京市通州区马驹桥镇第二社会福利服务中心,北京市通州区马驹桥镇大杜社村,3900,14700,240,116.655292,39.7527772
北京市房山区周口店镇敬老院,北京市房山区周口店大街28号,2640,4678,80,116.1494438,39.75432584
北京市房山区拱辰街道颐慈园养老照料中心                          ,北京市房山区拱辰北大街33号南段,2700,7500,291,116.1458832,39.75576392
北京市大兴区清源街道养老照料中心,大兴区丽园路30号院27号楼,3700,6700,39,116.3314172,39.75592056
悦年华颐养中心（北京瀛海）,北京市大兴区瀛福路9号院（1号楼、3号楼、5号楼）,8400,24548,340,116.457435,39.75691409
北京市大兴区福海老年公寓,北京市大兴区黄村镇滨河街16号院1号楼,4020,4920,170,116.348042,39.75716911
北京市大兴区弘福达养老服务中心,北京市大兴区福海路5号,4000,7310,290,116.36014,39.75973007
北京市房山区燕山乐老汇养老院,北京市房山区羊耳峪西巷18号,3400,6800,52,115.9759681,39.76326665
北京市通州区三乐康复老年公寓,北京市通州区马驹桥镇陈各庄村11号,3200,10000,750,116.6309021,39.76577114
北京市大兴区瀛海镇养老照料中心,北京市大兴区瀛海镇瀛海家园,3800,7600,80,116.4433047,39.76873948
北京市房山区小康之家养老服务中心,房山区长阳镇加州水郡西区205号楼（北段）,3900,9700,70,116.1642598,39.77202747
北京市房山区长阳镇小康之家养老照料中心,北京市房山区长阳镇公园北路9号院,5500,31000,290,116.1751512,39.77465955
悦年华颐养中心（北京黄村）,北京市大兴区黄村镇香留园101号、102号,9800,17800,75,116.3274712,39.77548492
北京市大兴区金鹤老年护养院,北京市大兴区黄村镇狼垡二村南工业园区亿发管委会西侧,2100,5600,172,116.3010353,39.77967492
北京天天红护养中心,北京市北京经济技术开发区（大兴）旧宫镇德茂西毓顺路6号,2800,7600,210,116.4194621,39.78156251
北京市房山区康怡养老院,北京市房山区青龙湖镇崇各庄村288号,3600,11000,142,116.0890119,39.78526109
大兴区西红门镇养老照料中心,北京市大兴区欣清北巷18号院1号楼,5300,5600,150,116.3528357,39.79622541
中晟百晨养老院,北京市大兴区西红门镇宏福东路甲1号,5000,11500,550,116.3617527,39.79655235
北京盈福老年公寓,北京市北京经济技术开发区（大兴）旧宫镇康福园1号院2号楼,5000,11800,135,116.435439,39.79850621
圣哲养老,北京市通州区庆祥西路17号院3号,6200,9950,75,116.5945533,39.7996339
北京市大兴区亦庄养老照料中心,北京市大兴区亦庄鹿华路10号院11号楼,3300,16500,200,116.4759905,39.80019815
北京市丰台区福康家园养老院,北京市丰台区长辛店镇赵辛店村北岗洼59号商业街3号楼,3000,5800,140,116.1988895,39.80410109
北京市通州区西集镇郎府敬老院,北京市通州区西集镇郎东村544号,3000,8100,120,116.8395767,39.80515025
北京市大兴区泰福春老年公寓,北京市大兴区亦庄镇羊南,4800,5800,296,116.4884624,39.80603117
北京相儒养老服务有限公司,北京市丰台区葆台西路一号院1号楼,10380,33700,152,116.2941971,39.8074868
北京市丰台区王佐老年综合服务中心,北京市丰台区王佐镇刘太庄村东,4800,14400,186,116.1294012,39.8079472
北京市丰台区泰和鑫养老康护中心,北京市丰台区槐房西路318号19号、25号楼,5500,12100,214,116.3738477,39.80800318
北京福康家园养老服务有限公司,北京市丰台区赵辛店村919号-2号楼2层,2900,4000,150,116.2018247,39.80875686
纳兰庭院养老院,北京市丰台区东高地南街8号,6300,9200,79,116.4240582,39.81132413
大兴区旧宫镇养老照料中心,北京市大兴区旧宫镇庑殿路10号,4600,14600,350,116.4499054,39.81498286
北京亦和居养老服务管理有限公司,北京市大兴区科创二街21号院,5260,7960,394,116.529074,39.81837807
北京市丰台区南苑社会福利中心,北京市大兴区旧宫镇庑殿路28号,3500,11900,560,116.4494827,39.81890012
北京市大兴区仁康养老服务中心,北京市大兴区旧宫镇润星家园小区东北侧,3600,12100,150,116.4504702,39.82223703
北京市丰台区养合老年公寓,北京市丰台区久敬庄路大红门锦苑小区C5公建楼,3980,7680,162,116.423688,39.82315506
椿萱茂（北京亦庄）老年公寓,北京市大兴区亦庄镇经海二路2号及2号院1号楼,8700,29000,112,116.5272657,39.82373574
北京市房山区夕阳红托老所,北京市房山区琉璃河北洛村,2500,4500,50,115.9451673,39.82593756
北京市丰台区看丹老年公寓,北京市丰台区永合庄1号院,4580,16480,630,116.27505,39.82883118
北京市房山区佛子庄乡敬老院,北京市房山区佛子庄乡红煤厂村,2100,4500,200,115.8540637,39.82948862
北京市朝阳区佰康老年公寓,北京市朝阳区十八里店乡横街子村滨河路五号,2880,6800,266,116.5063288,39.83309838
北京市丰台区天颐养老院,北京市丰台区长辛店大街教堂胡同41号,3600,5500,80,116.2131801,39.83360965
北京市丰台区康助护养院,北京市丰台区长辛店光明里74号,3960,7152,200,116.1984908,39.83521809
云岗街道养老照料中心,航天医疗健康科技集团有限公司北京颐养家园第一分公司,6500,16100,84,116.2902181,39.83564028
北京市朝阳区缘爱康宸养老院,北京市朝阳区南四环东路88号,6100,21500,210,116.4447021,39.83707347
北京市丰台区馨园老年公寓,北京市丰台区马家楼桥北花神街公园内,4100,4500,300,116.354189,39.83708579
北京怡海优佳国际养老服务有限公司,北京市丰台区南四环西路129号怡海花园富润园8号楼一层101室,5500,11100,53,116.3065158,39.83789649
北京市通州区台湖镇敬老院,北京市通州区台湖镇玉甫上营村,3000,6600,120,116.6662118,39.83886418
北京市丰台区普亲长辛店老年养护中心,北京市丰台区长辛店永兴里103号,4300,9100,162,116.2090269,39.83975359
北京市丰台区颐年堂养老院,北京市丰台区颐年堂养老院,3560,7060,231,116.393005,39.8412628
北京市丰台区颐和养老公寓,丰台区马家楼路一号院青秀城西区14号楼,3500,7000,116,116.3461338,39.8419159
北京市丰台区澄怀源养老院,杜家坎社区杜家坎甲3号院1号楼,3736,8115,150,116.2087756,39.8461023
北京光大汇晨看丹养老服务有限公司,北京市丰台区丰台镇南开西里23号楼,6275,21700,138,116.2865004,39.84625388
北京市丰台区易阳·初欣康养照护中心,北京市丰台区新村街道鸿业兴园二区19号楼,4500,12000,59,116.3116466,39.84629211
北京市丰台区爱心敬老院,北京市丰台区南开西里小区,2940,4020,59,116.286754,39.84735509
北京市朝阳区康梦圆国际老年公寓,北京市朝阳区十八里店乡吕家营村六道口临300号,7190,30690,330,116.4767457,39.84920487
北京市丰台区颐海园养老院,北京市丰台区地铁苇子坑,2950,6500,160,116.4519047,39.85062489
纳兰庭院养老院,北京市丰台区正阳大街127号8号楼1层8101室,4300,15300,68,116.291484,39.85444207
北京市丰台区颐康养老照护中心,北京市丰台区顺八条8号院一区三号楼,6500,11300,56,116.4324134,39.85528351
北京市丰台区福海盛世养老院,北京市丰台区马家堡东路88号,3700,7600,65,116.3948755,39.85616316
北京市丰台区五福养老院,北京市丰台区马家堡西里40号楼及附属平房,4700,8500,50,116.381569,39.85859599
首开寸草马家堡养老院,北京市丰台区马家堡西里38号楼4层至6层,8600,22600,99,116.378387,39.85888158
北京市朝阳区兴爱养老院,北京市朝阳区十八里店乡大武基村,3400,9500,240,116.5007915,39.85953437
北京市丰台区安怡欣养老院,北京市丰台区柳村路9号院9号楼,5400,7700,60,116.3362286,39.86085158
北京市通州区潞城敬老院,北京市通州区潞城镇侉店村东,4500,26200,200,116.8202766,39.86203175
北京市朝阳区垡头街道寸草春晖养老院,北京市朝阳区双合中路5号楼一层,6500,10000,50,116.5344173,39.86305731
北京普祥老年公寓,北京市北京经济技术开发区（大兴）亦庄镇成寿寺2号11号楼1层1000室,4900,8700,105,116.4526641,39.86314489
通州区张家湾镇（枫叶红）养老照料中心,北京市通州区皇木厂村委会北3号院,3450,12150,233,116.7179937,39.86349546
北京市丰台区润龄养老院,北京市丰台区福宜街9号院3号楼,2780,8760,344,116.3588911,39.86391104
北京市丰台区茗芝苑养老院,北京市丰台区小屯西路120号,2500,5300,560,116.255723,39.86442111
北京市丰台区嘉祥敬老院,北京市丰台区西铁营东路2号院1号楼,6700,25600,390,116.3666105,39.86451782
北京市丰台区泰颐春养老中心,北京市丰台区榴花路2号院1号楼,10200,27600,217,116.2924019,39.8649372
北京市丰台区右安门翠林敬老院,北京市丰台区右安门外大街翠林二里9号楼,4500,7400,146,116.3753823,39.86561077
北京市丰台区幸福里养老中心,北京市丰台区程庄路3号,3000,10500,626,116.2695772,39.86668329
北京市丰台区方庄街道养老照料中心,北京市丰台区芳星园一区16号楼商业用房,1300,6900,293,116.4398241,39.86875032
北京市福寿老年公寓,北京市朝阳区十八里店乡周庄村319号,1500,2750,260,116.4850559,39.86920781
北京市丰台区西罗园街道意馨夕阳乐苑,北京市丰台区西罗园四区十五号楼,5000,8200,320,116.3967989,39.86937402
北京市朝阳区垡头社区养老院,北京市朝阳区垡头金蝉中路西里16号楼西侧,6400,9200,73,116.5185396,39.86964793
北京市丰台区颐安养老照护中心,北京市丰台区东大街东里15号楼,6500,11800,75,116.3015439,39.87047257
北京市丰台区卢沟桥社会福利中心,北京市丰台区小郭庄83号,2580,9900,580,116.2327081,39.87182625
兆和敬老院,北京市朝阳区垡头西里二区16号院1号楼,6000,12500,57,116.5149099,39.87195437
北京市朝阳区弘善家园养老照料中心,北京市朝阳区弘善家园第一社区409号楼底商,2800,4900,50,116.4570054,39.87545154
北京京能颐寿轩康养有限公司福寿分公司,北京市丰台区左外关厢东里8号,5700,21800,65,116.447371,39.87554706
北京市朝阳区馨蘭之家老年公寓,北京市朝阳区久文路6号院宇达创意中心103号楼,1890,7700,105,116.5882781,39.87565206
北京市丰台区皓春里老年公寓,北京市丰台区小屯西路103号,5380,14800,279,116.2535356,39.87614896
北京椿萱茂玉蜓桥养老服务有限公司,北京市丰台区蒲黄榆二里11号楼11-2幢1-3层,7900,25200,51,116.4244948,39.87684015
北京市丰台区温馨译珈养老服务中心,北京市丰台区鑫博路1号院14号楼,4700,5200,64,116.1746051,39.87714448
北京市朝阳区观音堂益康养老院,北京市朝阳区王四营乡观音堂村临603号,3810,11360,280,116.5374497,39.87769141
北京市通州区梨园敬老院,梨园镇群芳园小区往东200米,4050,6550,165,116.6740616,39.87783109
恒颐复健之家·自如,北京市西城区太平街35号,8500,34000,104,116.392836,39.87878222
半壁店恭和苑,北京市通州区怡乐南街16号院3号楼1至9层,7830,27430,403,116.6325167,39.87928165
北京椿萱茂青塔养老服务有限公司,北京市丰台区小屯路双林苑18号,8100,17100,204,116.2608604,39.87981355
北京市朝阳区南磨房乡敬老院,北京市朝阳区南磨房乡祁家坟村,3600,7700,75,116.4929546,39.88092114
北京丽湾养老服务中心,北京市朝阳区人卫酒店南侧底商,5600,8900,30,116.4526573,39.88140921
北京市西城区白纸坊街道宁心园养老照料中心,北京市西城区里仁街乙8号,5300,8000,129,116.3766689,39.88198794
北京市西城区广安门外街道养老照料中心,北京市西城区广安门外手帕口南街80号京铁和园A1楼一层,2000,3500,50,116.3503324,39.88236437
北京颐寿轩通和养老服务有限公司,北京市通州区砖厂北里137号楼,3760,6060,50,116.6958121,39.88255677
北京市通州区梨园镇通景宁心园养老照料中心,北京市通州区半壁店大街112号通景园小区4号楼,5700,8700,49,116.6491236,39.88421777
北京市西城区南山锦阁康养中心,北京市西城区广安门外茶马街6号院三号楼,6700,10900,41,116.336642,39.88449404
北京市朝阳区潘家园老年公寓,北京市朝阳区潘家园街道磨房南里32楼,4350,16050,187,116.4804396,39.88474008
北京汇晨古塔老年公寓有限公司,北京市朝阳区王四营乡古塔公园甲1号,3808,22300,390,116.5418056,39.8849232
北京市门头沟区潭拓闻香养老照料中心,北京市门头沟区潭柘寺镇赵家台村120号院,1000,18000,100,116.0380249,39.88658981
北京市西城区陶缘华方养老照料中心,西城区红土店2号楼前平房,5400,9300,40,116.3851335,39.88696864
北京市朝阳区康辉老年公寓,北京市朝阳区王四营乡南花园村100号,2800,10400,500,116.5526168,39.88723577
吉祥苑养老公寓,北京市朝阳区双桥中路临28号,4702,12800,253,116.5779356,39.88813105
北京市西城区白纸坊街道颐寿轩养老照料中心,北京市西城区南横西街92号院,5400,12900,86,116.3760667,39.88861395
北京市朝阳区劲松老年家园,北京市朝阳区劲松八区甲829楼,4200,11400,89,116.4551768,39.88878786
北京市西城区天桥街道天悦养老照料中心,北京市西城区天桥街道禄长街头条甲2号,1200,4200,50,116.3963076,39.88908578
北京市朝阳区福祐养老院,北京市朝阳区豆各庄乡于家围南队临6号,5300,21800,320,116.5760318,39.8897825
北京市朝阳区健生养老院,北京市朝阳区豆各庄乡于家围南队临6号,3700,15500,450,116.5760318,39.8897825
北京市朝阳区爱侬养老院,北京市朝阳区劲松中街四区405号甲楼,5100,10800,66,116.4623607,39.88979621
椿萱茂（北京双桥）老年公寓,朝阳区双桥东路九号院23号楼椿萱茂双桥老年公寓,8500,29200,307,116.6074955,39.89056905
北京市门头沟区沁心园养老照料中心,北京市门头沟区石门营新六区1号楼,3470,6770,218,116.1100693,39.89058095
大家的家·北京友谊城心社区,北京市西城区西经路11号,12200,30450,580,116.3963153,39.89067513
北京牛街民族敬老院,北京市西城区牛街东里2区4号楼,780,3000,224,116.3729617,39.89225067
北京市西城区广外老年公寓,北京市西城区马连道北街3号,4600,7900,352,116.3406748,39.89384715
北京市东城区天坛兆如老年养护中心,北京市东城区西草市东街60号,3600,6800,57,116.406055,39.89552538
北京市西城区广外怡乐园敬老院,北京市西城区广外新居东里3号楼一层,5800,6900,56,116.3534395,39.89696194
新华家园养老服务（北京）有限公司,北京市丰台区莲花池西里8号新华家园,9600,40000,350,116.3157712,39.89709984
北京市西城区椿树街道国安银柏养老照料中心,北京市西城区山西大街6号四合上院5号楼东南角底商,5600,9700,44,116.3851986,39.89728729
北京兆如养老服务有限公司,北京市东城区广渠门内大街12号,8000,13300,42,116.4416285,39.89822742
北京市西城区广内善果养老照料中心,北京市西城区报国寺西夹道2号,5800,12900,83,116.3647953,39.89842933
北京颐年护老院,北京市通州区永顺镇乔庄东区1号院,3200,5700,120,116.6988239,39.89879874
北京市丰台区民族养老院,北京市丰台区吴家村路9号,4700,16200,418,116.250039,39.89928911
石景山区古城街道养老照料中心,北京市石景山区燕堤南路1号院7号楼,4080,6780,94,116.1807119,39.90026305
北京市东城区广渠门忠正养老院,北京市东城区广渠门大街忠实里南街79号,4500,7600,25,116.4519869,39.90111555
恭和老年公寓,北京市朝阳区茂兴西路7号,6630,18030,469,116.4890066,39.90216834
双井恭和苑,北京市朝阳区百子湾南二路92号楼-2至11层101内1层01号,5900,40150,400,116.4717842,39.90285234
北京市西城区广内德馨养老照料中心,北京市西城区西便门西里10号楼,1800,4200,156,116.3580294,39.90424017
北京幸福颐养护理院,北京市石景山区人民渠北路六号院1号南楼1—3层,12300,36400,80,116.2147505,39.90488271
北京市西城区大栅栏街道养老照料中心,北京市西城区西河沿街192号,4700,9200,30,116.3945129,39.90515108
北京市朝阳区嘉德老年公寓,北京市朝阳区高碑店高西店村469号,3250,11080,360,116.5348023,39.90594028
北京市朝阳区颐养天合管庄老年公寓,北京市朝阳区塔营街7号,3900,12100,72,116.6002991,39.90610501
金融街养老照料中心,北京市西城区闹市口大街铜光胡同1号,5500,12500,102,116.3711868,39.9067797
北京市西城区展览路颐寿轩养老照料中心,北京市西城区南营房煤厂东院,6300,16000,59,116.3465007,39.90753083
北京市通州区北苑街道养老照料中心,北京市通州区玉带河大街151、152号3-4层,8400,10200,60,116.6503375,39.90796675
北京市石景山区鲁谷和悦会养老照料中心,北京市石景山区永乐西小区甲15号楼（北京市石景山区鲁谷和悦会养老照料中心）,5500,9550,65,116.2323021,39.90806596
北京市西城区月坛街道敬老院,北京市西城区白云路西里甲13号,5280,7980,58,116.3491192,39.90824515
北京市朝阳区三间房地区老年公寓,北京市朝阳区东柳西里双桥铁路社区北一区院内,4200,8100,80,116.5799233,39.90867048
北京市西城区西长安街西绒线银龄养老照料中心,西城区西绒线胡同12号,6200,10300,24,116.3858805,39.90997241
北京市海淀区万寿老年公寓,北京市海淀区永定路西里小区,4800,7800,42,116.2700323,39.91016017
北京市海淀区羊坊店敬老院,北京市海淀区北蜂窝路5号院12号楼-3,5400,10100,103,116.335105,39.91022672
和悦家国际颐养社区,北京市石景山区体育场南路11号1幢,6600,10100,403,116.2085487,39.91082901
北京颐寿轩养老产业有限公司,北京市朝阳区康惠园3号院10号楼,4080,6180,60,116.5847206,39.91137415
北京市门头沟区潭柘寺镇社会福利中心（敬老院）,潭柘寺镇政府北侧,2600,5600,130,116.0373555,39.91187646
北京市海淀蓰赢老年公寓,北京市海淀区复兴路32号院,6750,13350,200,116.2792034,39.91274541
北京市海淀区万寿阳光老年公寓,北京市海淀区复兴路乙59号2号楼东段,3000,13480,158,116.3001199,39.91413139
万寿阁京宇轩养老院,北京市海淀区万寿路街道复兴路65号32号楼2层201,6500,8500,85,116.2938318,39.91418541
北京市石景山区老山养老照料中心,北京市石景山老山南路甲11号,7536,7536,43,116.2212218,39.91623993
北京市朝阳区建外老年家园,北京市朝阳区光华里15号楼北侧平房,5800,9400,30,116.4610652,39.91735239
北京市东城区建国门街道来德老年公寓,北京市东城区东单西总布胡同64号,4800,7500,24,116.4282003,39.91794161
北京颐寿轩敬老院,西城区校场八条11号,5150,10550,31,116.3725136,39.91812361
北京三和永顺养老服务有限公司,北京市通州区永顺南街164号12幢1至5层,4900,10800,110,116.6569648,39.91857281
石景山京康古城养老照料中心,北京市石景山区古城路百货商场3号楼1层，2层，3层,5060,10080,95,116.1959967,39.92125319
天颐养老院,东城区朝内南小街10号楼二层、三层,1800,3000,60,116.4342909,39.92272593
北京市朝阳区光明山老年公寓,北京市朝阳区高碑店乡白家楼村甲1号,0,26500,108,116.5617353,39.92334464
北京市西城区月坛街道华方养老照料中心,北京市西城区月坛西街乙2号院5号楼,6000,12000,60,116.3562227,39.92342729
北京市东城区东华门街道养老照料中心,东城区柏树胡同7号,6000,8500,11,116.4223383,39.9242104
北京首开寸草养老服务有限公司管庄分公司,北京市朝阳区管庄西里甲3号（首开寸草管庄养老院）,4500,7000,72,116.5957156,39.92453542
北京市门头沟区永定镇迎晖养老照料中心,北京市门头沟区永定镇上园北路7号,4400,4400,120,116.1248459,39.92480042
北京颐寿轩泰和养老服务有限公司,朝阳区高井北街7号院11号楼,4260,6960,53,116.5384373,39.92545698
北京市朝阳区爱晚桑榆养老院,北京市朝阳区延静西里15楼,3860,8960,108,116.4885653,39.92582688
双桥恭和苑,朝阳区东双园路19号院,8130,24510,68,116.449945,39.925984
北京市华医堂居家养老服务有限责任公司,北京市朝阳区安定门外立水桥北8号一幢2、3、4层,7000,7500,61,116.4495587,39.92637452
北京市通州区永顺镇静心养老照料中心,北京市通州区芙蓉园311号楼1至3层001,5850,7050,93,116.6908443,39.92729821
北京市海淀区八里庄首开寸草养老照料中心,北京市海淀区八里庄恩济花园30号楼,9800,20800,78,116.298627,39.92775386
北京市朝阳区英智老年公寓,北京市朝阳区八里庄南里5号,4900,9900,100,116.5052296,39.92790857
甘家口养老照料服务中心,甘家口街道阜南社区阜成路南8号平房,7250,15800,21,116.3341963,39.92848283
北京市石景山区社会福利院,北京市石景山区杨庄路17号,4500,7600,410,116.1971797,39.9289624
国投健康长者公寓,北京市西城区阜成门外大街7号,8750,25640,384,116.3576114,39.92960553
北京市朝阳区团结湖社区暮年颐乐园,朝阳区水碓子小区3号小白楼,3000,6000,67,116.478229,39.92995479
北京市朝阳区恒春老年公寓,北京市朝阳区朝阳北里民族家园96号楼恒春老年公寓,3900,9600,461,116.5844599,39.93027473
北京市朝阳区呼家楼福寿苑养老照料中心,北京市朝阳区核桃园北里28号院12号楼东北侧平房,4800,8800,22,116.4635891,39.93113432
朝阳东风地区恒爱养老照料中心,北京市朝阳区八里庄北里129号院2号楼3层部分及4—6层,3800,14900,150,116.5061282,39.93172217
北京市朝阳区六里屯街道益智康护养老照料中心,北京市朝阳区六里屯街道益智康护养老照料中心,6000,10100,50,116.4928334,39.93215518
北京市东城区银杏舍养老服务中心,北京市东城区东四十三条53号,6900,12700,37,116.427621,39.93292705
北京市朝阳区九九老年公寓,北京市朝阳区五里桥一街2号楼,3850,10250,116,116.618508,39.93297111
什刹海街道金秋园敬老院,北京市西城区景山西街雪池胡同2号,800,3800,30,116.3989535,39.93324186
朝阳朝外街道养老照料中心,北京市朝阳区朝外街道工体西里小区8号楼,6000,10000,30,116.4491937,39.93404795
北京市海淀区玉渊潭乡敬老院,北京市海淀区阜石路50号院1号楼,9000,19500,197,116.2570506,39.93439706
北京市门头沟区龙泉镇宁馨养老照料中心,北京市门头沟区中门寺街71号,3700,7000,130,116.0907622,39.93446462
北京市东城区景山兆如老年养护中心,北京市东城区三眼井胡同27、29号,5000,14500,64,116.4082129,39.93481213
北京市东城区前门街道养老照料中心,东城区西打磨厂62号,4550,12170,33,116.422401,39.93482727
北京市通州区永顺镇敬老院,北京市通州区永顺镇王家场村（潞苑南大街496号）,4900,6500,120,116.6830435,39.9353651
北京市海淀区四季嘉合养老照料中心,北京市海淀区田村路甲43号12号楼,2100,4500,121,116.255834,39.93552636
北京市门头沟区爱暮家老年养护中心,北京市门头沟区圈外大街73号,3300,12700,404,116.068463,39.93569005
北京市石景山区民族养老院,北京市石景山区模式口南里清真寺综合服务楼模式口村西102号,4050,5640,620,116.1692277,39.93706118
北京市西城区展览路街道百万庄养老照料中心,北京市西城区百万庄未区1号平房,5060,6060,23,116.347146,39.93770776
北京市东城区东四街道汇晨老年公寓,北京市东城区东四七条19号,6300,18550,22,116.4303197,39.93785415
北京市石景山区老年福养老服务中心（金顶街老年福养老照料中心）,地址：北京市石景山区模式口西里小区16栋旁,2670,3870,100,116.1601701,39.93798693
北京市西城区展览路街道敬老院,北京市西城区车公庄大街北里甲37号,3500,7000,28,116.3512998,39.93803056
北京市石景山区老年福养老服务中心,北京市石景山区西井一区甲三号,2920,7070,100,116.201665,39.93924162
北京市石景山区颐和康泰养老护理院,北京市石景山区田村路559号,4000,6500,153,116.2211752,39.9394163
北京华方经典立水桥颐养中心,北京市西城区车公庄大街北里44号楼：运营地址：北京市朝阳区立水桥8号,4100,6800,231,116.3527551,39.93942266
北京市朝阳区将台福寿苑养老照料中心,北京市朝阳区将台乡北岗东路2号院8号楼二层,3500,8000,43,116.5178769,39.94020289
三里屯老年家园,北京市朝阳区三里屯东区中18楼,5500,8400,49,116.4606137,39.94066944
东城交道口街道养老照料中心,北京市东城区交道口南大街75号,3800,4600,11,116.4149798,39.94111013
北京市石景山区颐和康泰养老护理院（石景山颐和宜林养老照料中心）,北京市石景山区苹果园街道西黄村北路121号院2号楼一层东侧和二、三层全部房间,3950,4850,54,116.2076787,39.94243482
北京市石景山区乐龄养老服务中心,北京市石景山区高井热电厂原职工医院院内,3300,7050,57,116.148968,39.94514709
大家的家·北京朝阳城心社区,北京市朝阳区农展览馆北路甲5号1-4号楼、甲3号（3-6层）,3000,15000,800,116.471642,39.94627104
北京市门头沟区大峪街道养老服务中心,北京市门头沟区黑山 A1-B 号楼、A4-D 号楼,3670,10600,60,116.1031208,39.94636203
什刹海乐老汇养老照料中心,北京市西城区正觉夹道17号,8500,13500,51,116.3803605,39.94639633
北京市石景山区寿山福海养老服务中心,北京市石景山区双峪路甲23号,5100,30000,619,116.1314633,39.9467704
汇禧润福艺术家养老公寓,北京市通州区宋庄镇宋南一街201号院,3500,6000,2864,116.7339402,39.94693786
北京市西城区银龄老年公寓,北京市西城区西直门内大街玉桃园三区14号,300,6500,226,116.3701668,39.94768171
北京市海淀区四季青镇敬老院,北京市海淀区十王坟村,4000,10700,756,116.2557747,39.94783797
北京市西城区什刹海街道华方养老照料中心,北京市西城区新街口大半截胡同16号,3000,6000,108,116.3795104,39.94819288
北京市西城区景福颐养照料中心,北京市西城区西直门内大街马相胡同甲11号,1200,3200,96,116.357083,39.94830516
北京清颐敬老院,北京市门头沟区剧场东街6号,5310,7250,146,116.1092409,39.94843895
北京市东城区东直门街道养老院,北京市东城区东直门外小街8号,3000,9900,48,116.4523941,39.94932244
北京市东城区安定门芙蓉养老照料中心,东城区钟楼湾胡同11号,4900,6700,21,116.4020657,39.94968944
北京市西城区什刹海宁心园老年公寓,北京市西城区鼓楼西大街新开胡同21号,5200,7900,56,116.3951458,39.95099985
北京市东城区康馨园养老院,北京市东城区净土胡同15号,6800,8800,50,116.4066755,39.95181334
北京市朝阳区福寿苑养老照料中心,北京市朝阳区东风乡政府西侧豪丰体育公园院内福寿苑养老照料中心,4700,11000,118,116.5039749,39.95229295
北京市通州区宋庄镇敬老院,北京市通州区宋庄镇宋庄村,3400,7300,200,116.7359841,39.95410206
北京市朝阳区恒春绿景老年公寓,北京市朝阳区东坝中路40号院3号楼,1800,9800,490,116.5549228,39.95459784
北京市大兴区寿山福海养老服务中心,北京市大兴区滨河路16号,4880,27700,600,116.3710835,39.95616582
北京市海淀区曙光久久泰和养老照料中心,北京市海淀区板井路59号商业街A-103元亨创融一楼东侧和二楼西侧,1500,5500,50,116.287094,39.95978606
北京市朝阳区长友养老院,北京市朝阳区东坝郊野公园内,12550,17550,478,116.5806867,39.96009715
北京市海淀区紫竹院街道养老服务中心,北京市海淀区紫竹院街道魏公村斜街7号院7号楼,6000,7000,28,116.3269965,39.96069008
左家庄街道养老照料中心,北京市朝阳区左家庄中街6号院9号楼210,5200,9700,100,116.44888,39.96127601
北京市朝阳区爱如家康养院,北京市朝阳区醉公坟甲8号（第五运输公司）2号楼一至四层,4200,13520,120,116.5363653,39.96138939
北京市朝阳区东坝福寿苑养老照料中心,北京市朝阳区东坝焦庄甲88号,4700,14700,321,116.5934499,39.96166016
北京市朝阳区香河园福寿苑养老照料中心,北京市朝阳区香河园街道柳芳北里甲15号楼北侧院内,5500,10000,64,116.4441428,39.96218346
北京市石景山区孝和居养老照料中心,北京市石景山五里坨西街9号院11号楼,3000,3000,80,116.1258038,39.96314496
北京市石景山区民族养老院,北京市石景山区黑石头路七三一二工厂,5500,7500,276,116.1424945,39.9637485
北京市海淀区爱德敬老院,北京市海淀区西北旺傅家窑南区3号,4400,10200,170,116.2536272,39.9641289
北京市石景山区慈善寺敬老院,北京市石景山区黑石头大队潭峪村,4000,9000,200,116.149935,39.96616449
德胜街道办事处颐年园敬老院,北京市西城区德外黄寺大街人定湖北巷6号,2760,5630,50,116.3938355,39.96656638
北京市西城区德胜街道爱侬孝亲养老照料中心,北京市西城区黄寺大街24号院西平房甲1号1-4幢,4800,8000,30,116.3928695,39.9671542
北京市朝阳区长友恒苑养老院,北京市朝阳区东坝南区1105-64656、658号地,6650,10410,174,116.5540754,39.96790487
北京市海淀区北太平庄冶建老年公寓,北京市海淀区西土城路31号院,5100,8850,60,116.3585015,39.9684143
北京市朝阳区酒仙桥乐居老年公寓,北京市朝阳区酒仙桥驼房营西里甲1号楼,3600,6800,69,116.5080437,39.97162209
北京光熙国际养老服务有限公司,北京市朝阳区光熙门北里22号,12000,41100,110,116.4421031,39.97167172
北京市朝阳区安华怡园养老照料中心,北京市朝阳区安华西里二区二号楼,2000,3500,50,116.4038061,39.97246816
海淀中关村养老照料中心,北京市海淀区双榆树西里25号中关村养老照料中心,4500,15000,69,116.3302252,39.97378414
北京市石景山区春晖颐老年公寓,北京市石景山区隆恩寺路99号综合楼,4000,8000,220,116.1317136,39.97594744
北京市海淀区清心居养老院,北京市海淀区蓟门里东8号,4400,11100,72,116.3578286,39.97617794
北京市西城区德胜老年公寓,北京市西城区德胜街道裕中西里28号,4300,12000,114,116.3902589,39.97724235
北京市门头沟区王平镇养老照料中心,北京市门头沟区王平镇色树坟村,2300,6200,55,116.0091974,39.97798109
北京市海淀乐老汇养老中心,北京市海淀区北太平庄街道知春路罗庄西里11号楼西侧,3900,7350,20,116.3492783,39.97950672
北京市朝阳区首开寸草养老照料中心,北京市朝阳区和平街10区甲16号楼,6800,14300,100,116.424634,39.97979207
北京市朝阳区安贞怡园养老照料中心,北京市朝阳区安贞街道安贞里一区11号楼,5500,7700,46,116.4120188,39.97989436
北京居之福健康管理有限公司,北京通州区宋庄镇沟渠庄村民委员会西800米,3700,10400,88,116.6904166,39.98205221
北京市门头沟区斋堂镇静馨养老照料中心,北京市门头沟区斋堂镇东斋堂村委会北500米,4800,8000,142,115.7058774,39.98328529
北京市海淀区广源长青养老中心,北京市海淀区北坞嘉园南里24号楼,5000,29000,150,116.2582042,39.98330616
北京市朝阳区小关老年家园,北京市朝阳区小关东街5号楼,5500,11600,49,116.419751,39.98496856
北京市海淀区清顺静和养老照料中心,北京市海淀区花园路街道塔院朗秋园甲8号,7100,15400,152,116.3682355,39.98669132
北京市第一社会福利院,北京市朝阳区华严北里甲2号,2600,11700,1232,116.3896166,39.98743313
北京首开寸草养老服务有限公司望京分公司,北京市朝阳区花家地2号楼-1至5层101内1-5层,7100,22600,87,116.4760516,39.99052698
北京市朝阳区太阳宫老年公寓,北京市朝阳区芍药居北里219号楼,3690,9400,166,116.4448909,39.99063187
北京市通州区宋庄镇徐辛庄敬老院,北京市通州区宋庄镇徐辛庄卫生院北,3000,5000,120,116.7079949,39.99288183
北京市朝阳区圣泽峰老年公寓,北京市朝阳区金盏乡曹各庄村,4200,10800,300,116.6035361,39.99301754
宋庄镇博瑞芳华盛悦养老照料中心,北京市通州区宋庄镇徐辛庄村临69号,7800,25500,110,116.7039721,39.99303073
北京市海淀区千禾敬老院,北京市海淀区香山普安店213号,3500,10800,200,116.195044,39.99619417
北京首开寸草养老服务有限公司朝阳分公司,北京市朝阳区安慧里一区甲12号1至4层内1至3层,7300,21800,50,116.4205639,39.99929736
北京市朝阳区望京街道寸草春晖养老照料中心,北京市朝阳区望京街道望京西路41号梦秀商场西北侧寸草春晖养老照料中心,7100,14900,60,116.4625145,40.00035291
北京市朝阳区亚运村老年家园,北京市朝阳区安慧里一区3号楼,5000,9400,50,116.420797,40.00092807
北京市海淀区爱暮家养老院,北京市海淀区香山新营20号,5600,15750,411,116.2082519,40.0011846
北京市朝阳区汇晨老年公寓,北京市朝阳区阜安东路望京东园511号,4100,20000,251,116.4942533,40.00203562
北京市海淀区学院路优护万家养老照料中心,北京市海淀区二里庄5号楼,4100,10000,80,116.3734031,40.00387905
奥运村养老照料中心,朝阳区科学园南里东街2号楼三层,8250,15550,42,116.390135,40.00400534
北京市朝阳区彩虹村庄养老院,北京市朝阳区金盏乡东窑村村南临9号,4500,18200,800,116.6149401,40.00469785
北京市海淀区学院路寸草春晖养老照料中心,北京市海淀区学院路6号7号楼,6300,18800,50,116.3605898,40.00470697
北京市海淀区东岳老年公寓,海淀区香山路甲1号,2550,7650,406,116.2414505,40.00481225
北京市朝阳区东方综合养老院,北京市朝阳区崔各庄乡北皋村1号,2850,9600,1800,116.5219096,40.00658563
北京市朝阳区金盏乡老年公寓,北京市朝阳区金盏大街2号,3060,7060,153,116.5754483,40.00876398
北京缘山福海养老有限公司,北京市缘山福海养老有限公司,2600,6000,101,116.310676,40.0154411
雁翅镇社会福利中心(敬老院),北京市门头沟区雁翅镇青白口村河西,2540,5540,162,115.8316141,40.02189897
北京市海淀区有颐居中央党校养老照料中心,北京市海淀区大有北里143号,5800,10900,28,116.285306,40.0224207
北京市朝阳区恒阳老年公寓,北京市朝阳区东苇路11号,4850,15930,266,116.567899,40.02474005
北京市朝阳区江达爱心养老院,北京市朝阳区来广营西路临27号,3000,11700,152,116.4527122,40.02730843
北京市海淀区马连洼养老照料中心,北京市海淀区树村中街甲一号,4110,7500,70,116.3056634,40.02897645
北京市海淀区上地华录风华养老照料中心,北京市海淀区农大南路厢黄旗万树园小区27号,4900,13150,40,116.2976606,40.03206508
北京来广营国际老年公寓有限公司,北京市朝阳区来广营乡来北家园小区10号楼,5500,10400,162,116.4431097,40.03339807
华方青樾里颐养中心,北京市海淀区清缘里中区5号楼,7800,14800,96,116.359739,40.03477164
北京市海淀区国利来养老照料中心,北京市海淀区西北旺镇冷泉东路10号院1号楼,3500,14300,150,116.2400664,40.03737312
北京市海淀区清河敬老院,北京市海淀区西三旗龙岗路25号,3400,10000,260,116.3706214,40.03740275
北京汇晨朝来老年公寓有限公司,北京市朝阳区来广营乡刘各庄甲1号,8000,30860,336,116.4402018,40.03795916
北京市朝阳区来广营福寿苑养老公寓,北京市朝阳区来广营乡创达路63号院,6650,13950,230,116.4402018,40.03795916
北京市东城区汇晨老年公寓,北京市朝阳区北苑5号院606号楼,4900,22500,158,116.4288575,40.04078762
北京市朝阳区来广营老人乐园,北京市朝阳区来广营北路临47号,4400,5100,79,116.4671919,40.04096514
北京市海淀区益寿福老年公寓,北京市海淀区冷泉西路6号,2560,3040,212,116.226275,40.04110503
北京市海淀区和熹会老年公寓,北京市海淀区冷泉林语山庄二区15号楼,6500,31550,400,116.218447,40.04242403
北京椿萱茂环都养老服务有限公司,北京市海淀区西北旺镇韩家川村158号,6400,16400,326,116.2543782,40.04299636
北京椿萱茂北苑养老服务有限公司,北京市朝阳区来广营朝来绿色家园来春园15号楼,9100,25100,306,116.4459024,40.04355845
北京市第四福利院,北京市海淀区清河三街52号,4120,7240,230,116.3387195,40.04618908
北京市海淀区温泉镇敬老院,北京市海淀区温泉镇温泉路16号,5500,8000,368,116.206651,40.04649093
北京市海淀区清河安宁养老照料中心,清河安宁里小区5号楼,5400,8800,62,116.3363497,40.05287902
北京椿萱茂西山老年公寓,北京市海淀区温泉镇燕保家园5号楼椿萱茂老年公寓,13000,39000,173,116.1759209,40.05600839
北京懋源天颐康养有限公司,北京市朝阳区孙河乡西甸路7号院27号楼,9000,18000,227,116.5310042,40.0565028
北京市顺义区李桥镇养老照料中心,北京市顺义区李桥镇平沿路北河段262号,3500,3500,90,116.713573,40.05702226
北京海淀育新养老服务中心,北京市海淀区西三旗育新花园70号楼,5580,11980,150,116.3502562,40.06041609
天通院国际养老机构,北京市昌平区天通苑南街道天通苑三区25号楼,7800,22800,224,116.4270317,40.06583607
北京市海淀区苏家坨镇北安河敬老院,北京市海淀区苏家坨镇北安河路7号,2100,3700,144,116.128885,40.06607309
北京市海淀区西三旗慈汇佳养老照料中心,北京市海淀区菁盈路3号院6号楼,5580,6680,39,116.3632782,40.06685096
阳台山爱达长者公馆,北京市海淀区苏家坨镇贝家花园路6号,0,8800,150,116.1098332,40.06782146
北京市昌平区金悦颐养中心,北京市昌平区回龙观镇西二旗龙域西二路19号院1号,5300,11400,100,116.3121611,40.06829349
北京市海淀区阳台山老年公寓,北京市海淀区苏家坨镇北安河村秀峰寺路1号,5300,7600,300,116.1174086,40.0701004
北京市昌平区回龙观镇敬老院,北京市昌平区回龙观派出所东100米（既：回龙观镇医院院内）,2500,6900,34,116.3351153,40.07026308
康语轩孙河老年公寓,北京市朝阳区孙河乡下辛堡村顺黄路北一号,7300,18300,112,116.5198512,40.07111578
家泰养老,北京市昌平区东小口镇天通苑六区29号楼,5000,9000,100,116.4345245,40.07116009
北京市海淀区曜阳养老服务中心,北京市海淀区西三旗建材城翡丽铂庭一区1号,2300,6500,126,116.3792028,40.07149034
北京市顺义区木林镇养老照料中心,北京市顺义区木林镇府前街71号,3000,6400,310,116.8358837,40.07149162
北京市昌平区首开寸草养老院,北京市昌平区瑞旗家园配套养老设施,5300,10200,37,116.3689655,40.0728142
回龙观街道养老照料中心,北京市昌平区回龙观龙域西二路二号院四号楼,5270,8370,71,116.3114496,40.07401063
天通大爱颐养中心,北京市昌平区天通苑东一区82号楼,3700,10000,187,116.4415497,40.0745205
北京市海淀区凤凰老年养护院,北京市海淀区北安河阳台山路甲7号,3300,11600,190,116.1200809,40.07452154
昌平区天通苑北街道养老照料中心,北京市昌平区天通苑南街道天通苑16号楼,4100,7450,51,116.4108982,40.07466281
北京市昌平区霍营街道养老照料中心,北京市昌平区霍营北街三号院1号楼,1800,6800,75,116.3816683,40.08450841
北京市海淀区益康敬老院,北京市海淀区苏家坨镇北安河村五街528号后院,2100,5400,120,116.1641805,40.08624623
北京市海淀区苏家坨镇柳林养老照料中心,北京市海淀区苏家坨镇柳林村河北三区74号,1300,6500,100,116.1496561,40.08883277
北京市顺义区大孙各庄镇养老照料中心,北京市顺义区大孙各庄镇尹家府村北四福通大街86号,2500,4400,150,116.8875001,40.0917815
北京市养老护理照料示范中心,北京市顺义区左堤路李遂段19号院（北京市松鹤温泉新村内）,5150,11540,446,116.7505046,40.09354646
北京市昌平区领秀康苑养老院,北京市昌平区北农路9号领秀慧谷C区2号楼2层,5500,12600,48,116.3124019,40.09711066
海淀区车耳营养老院,北京市海淀区苏家坨镇车耳营村98号,3500,13000,120,116.0976527,40.10061803
北京市海淀区聂各庄敬老院,北京市海淀区苏家坨镇聂各庄路49号,3400,6700,226,116.122827,40.10233405
北京市海淀区金宇敬老院,北京市海淀区上庄镇常乐村460号,2200,4900,120,116.2027418,40.10344421
北京市海淀区永福养老院,北京市海淀区苏家坨镇聂各庄村西,2300,5800,230,116.124265,40.10641024
北京金手杖养老公寓,北京市昌平区北七家镇郑各庄村宏福大厦1910室,9850,13020,1495,116.376728,40.10691008
北京海淀龙泉老年公寓,北京市海淀区苏家坨镇聂各庄路46号,1800,3700,200,116.1255389,40.10760857
千禾连锁养老回龙观院,北京市昌平区沙河镇七里渠南村319号千禾老年公寓,3200,8100,343,116.328865,40.10851709
北京市平谷区东高村镇敬老院,北京市平谷区东高村镇东高村兴业路甲23号院,2000,4200,248,117.1231295,40.11114354
北京市平谷区大兴庄镇敬老院,北京市平谷区大兴庄镇顺福路10号,1600,5500,85,116.6951035,40.11247879
北京千禾一家养老服务有限责任公司,北京市昌平区北七家镇七北路王府花园396号,4150,10900,130,116.4067543,40.11299758
北京市平谷区骏隆老年公寓,北京市平谷区东高村镇军民共建街18号,9000,26700,150,117.13643,40.11322403
北京市海淀区万福年华稻香湖养护院,北京市海淀区苏家坨镇前沙涧村苏三路6号,2100,8700,68,116.1530372,40.11457155
北京市海淀区双缘敬老院,北京市海淀区苏家坨镇台头村,1980,5160,198,116.1252684,40.11459797
北京海峰老年公寓,北京市海淀区苏家坨镇前沙涧村村东,4800,7800,280,116.1464378,40.11470198
北京市海淀区有福敬老院,北京市海淀区上庄镇皂甲屯118号,2490,6800,202,116.2291001,40.11651462
北京市海淀区纳兰园老年公寓,北京市海淀区上庄翠湖旅游区内659号,5700,30800,296,116.2112597,40.11798601
北京市海淀区上庄镇敬老院,北京市海淀区上庄镇南玉河147号,3300,6800,317,116.2404788,40.11804388
北京市顺义区第一社会福利院,北京市顺义区石园北区东侧,2200,7310,462,116.670844,40.12035009
北京市昌平区沙河镇敬老院,北京市昌平区沙河镇南一村安济东街29号,2900,3700,164,116.2650052,40.12056616
北京市顺义区和悦养老照料中心,北京市顺义区梅香街8号院17号楼,4450,7900,100,116.6444788,40.12088809
北京市平谷区合家老年公寓,北京市平谷区平谷镇西鹿角村东赵路12号,1300,4800,150,117.0932939,40.12567933
北七家镇养老照料中心,北京市昌平区北七家镇定泗路北侧稷安北街9号,5300,9700,150,116.412305,40.12711978
北京市昌平区后花园养老服务中心,北京市昌平区阳坊镇前白虎涧村西,2000,7100,110,116.1257112,40.12792363
北京市平谷区泃河老年公寓,北京市平谷区平谷镇泃河西路47号,1200,5000,150,117.0928923,40.13045611
北京康养·颐寿嘉园,北京市顺义区顺平东路3号院,5600,15800,277,116.6746098,40.13170543
北京市顺义区旺泉街道家合养老照料中心,北京市顺义区旺泉街道前进花园牡丹苑1号楼,4200,15000,116,116.6435294,40.13916697
北京市顺义区杨镇养老照料中心,北京市顺义区杨镇于庄散1号,2600,7000,160,116.5032538,40.14076846
北京市昌平区汇晨老年公寓,北京昌平区北七家镇八仙庄,1200,13000,745,116.4417387,40.14116565
北京市昌平区阳坊镇养老照料中心,北京昌平区阳坊镇东贯市村南甲8号,3000,6400,220,116.166594,40.14145019
北京市顺义区南彩镇养老照料中心,北京市顺义区南彩镇南彩村南,2500,4700,120,116.7515688,40.14170315
北京市平谷区康德馨养老院,北京市平谷区夏各庄镇稻地大街52号,400,3600,80,117.1487761,40.14276868
北京市平谷区乔松老年公寓,北京市平谷区夏各庄镇夏各庄北街82号,1700,3500,170,117.1487761,40.14276868
北京市海淀区杏林敬老院,北京市海淀区上庄镇白水洼村,2800,5500,179,116.2115955,40.14338627
昌平区流村镇养老照料中心,昌平区流村镇瓦窑村北台高崖口社区卫生服务站西50米路北,2200,5868,116,116.0160655,40.14409149
北京市平谷区阳光老年公寓,北京市平谷区夏各庄镇贤王庄大街临6号,900,4800,200,117.1867888,40.14445764
北京市平谷区颐佰年老年公寓,北京市平谷区平谷镇东鹿角村中路157号,1500,3200,70,117.1273791,40.14695074
北京市平谷区吉祥老年公寓,北京市平谷区峪口镇云峰寺村峰云街２９号,1000,4500,200,117.0116498,40.1470367
昌平区沙河镇养老照料中心,北京市昌平区沙河镇顺沙路8号院4区3号楼一，二层,1850,3780,48,116.2920614,40.14982241
北京市平谷区安心之家老年公寓,北京市平谷区新平北路22号,4700,7700,170,117.134677,40.15161108
北京市平谷区怡馨老年公寓,北京市平谷区大兴庄镇三府庄顺福街3号,1350,3550,145,117.0545959,40.15197726
北京市昌平区阳坊镇福禄寿敬老院,北京市昌平区阳坊镇八口村东临5号,2700,6000,110,116.1756983,40.15405442
平谷大兴庄镇养老照料中心,北京市平谷区大兴庄镇顺平路7号,1200,3500,124,117.099747,40.15469721
北京太阳城银龄老年公寓,北京市昌平区立汤路30号,3950,12500,900,116.4228293,40.15693254
北京市平谷区温暖之家老年公寓,北京市平谷区谷丰路3号,1600,6010,260,117.1181152,40.15862115
北京市昌平区含饴老年公寓,北京市昌平区小汤山镇讲礼新村北门向里100米,1500,4300,260,116.3910879,40.15892305
北京市平谷区东方龙昌老年公寓,北京市平谷区兴谷街道上纸寨中路7号,800,4000,260,117.1237377,40.1605537
北京市平谷区王辛庄镇敬老院,北京市平谷区王辛庄镇齐各庄村东北,2600,5200,220,117.1172239,40.16723789
北京市顺义区马坡镇养老照料中心,北京市顺义区中晟馨苑小区东侧,3700,8900,123,116.6523612,40.16951148
北京康泰居安养老服务有限公司,北京市平谷区平翔路18号院4号楼1至2层101,1000,4300,181,117.128747,40.16988307
北京市平谷区兴谷老年公寓,平谷区平翔路18号,2880,5580,246,117.1287854,40.1705929
北京市平谷区金阳老年公寓,北京市平谷区兴谷开发区平瑞街132号,1200,5160,150,117.1196813,40.17240266
北京市平谷区敬朋福利院,北京市平谷区峪口镇南杨桥村63号,900,3100,118,116.9936109,40.17412195
北京市平谷区南独乐河镇敬老院,北京市平谷区南独乐河镇公爷坟村西路18号,400,3200,144,117.2332281,40.17884512
北京浅山天天禧养老服务有限公司,北京市顺义区张镇赵各庄村赵四路行宫段1号,2500,12900,150,116.9139393,40.18301921
昌平小汤山养老照料中心,北京市昌平区小汤山镇龙脉温泉花园,3300,14300,300,116.4093239,40.18384211
北京市平谷区迎金康老年公寓,北京市平谷区金海湖镇靠山集菩萨西巷14号,1500,2100,68,117.2730722,40.18593655
金海湖镇敬老院,北京市平谷区金海湖镇耿井西大街9号,3500,5000,80,117.2730722,40.18593655
碧桂园九华山庄全龄颐养社区,北京市昌平区小汤山镇九华山庄院内,5300,9000,1556,116.4239414,40.18612657
北京市昌平区颐寿轩养老服务中心,北京市昌平区马池口镇亭自庄北敬老院一层1-01室,5400,11000,560,116.1604539,40.18967885
北京市平谷区山东庄镇敬老院,小北关东环路2号,1800,5000,54,117.1647652,40.18973342
北京市顺义区双丰街道养老照料中心,北京市顺义区顺兴街7号院25号楼1-3层01,3600,6400,116,116.6715063,40.19042499
北京市平谷区东安仙居老年公寓,北京市平谷区峪口镇南杨家桥中路54号,700,4400,154,117.0150578,40.19053067
马池口镇养老照料中心,北京市昌平区马池口镇土楼村东南,3000,10100,180,116.1288636,40.19265259
新生活敬老院,北京市昌平区小汤山镇大柳树北侧肖村南路156号,2600,5400,329,116.4086393,40.19450302
北京市平谷区泰和永康老年公寓,北京市平谷区山东庄镇山东庄村寺沟北路39号,0,3700,58,117.1701306,40.19755922
北京市平谷区兴龙老年公寓,北京市平谷区峪口镇兴隆庄村东二路46号,1300,4700,258,117.0355591,40.2007653
北京昌平玉福园敬老院,北京市昌平区兴寿镇香屯村南,1800,5500,700,116.4170937,40.20182239
北京市平谷区顺新老年公寓,北京市平谷区王辛庄镇乐园路23号,1200,3500,130,117.0625841,40.20232324
北京市顺义区北小营镇养老照料中心,北京市顺义区北小营镇政府南侧,1900,3800,50,116.7352532,40.20679281
爱助夕阳老年公寓,北京市平谷区金海湖镇东上营村南大街甲2号,1800,3000,100,117.3270502,40.2105655
泰康之家燕园（北京）养老服务有限公司,北京市昌平区南邵镇景荣街88号院,16500,46700,1720,116.2825331,40.21102007
北京市平谷区古槐之家老年公寓,北京市平谷区南独乐河镇峨嵋山上营267号,800,1700,98,117.208835,40.21240201
北京市顺义区赵全营镇照料中心,北京市顺义区赵全营镇牛板路96号,2500,7200,150,116.5209085,40.21609449
北京太申祥和山庄（国际敬老院）,北京市昌平区回龙观镇西店村463号,360,4260,1000,116.2376179,40.22641337
北京天德老年服务有限公司,北京市昌平区崔村镇卫生院东院,420,760,48,116.3596104,40.22666463
北京市昌平区俏夕阳养老服务中心,北京市昌平区西环路13号,2340,12000,127,116.2332875,40.22791453
北京市昌平区兴寿镇养老照料中心,北京市昌平区兴寿镇卫生院内,2500,6300,146,116.4134721,40.22983215
子山福缘老年公寓,北京市平谷区山东庄镇鱼子山村北,2455,8615,165,117.1769039,40.23089229
北京市顺义区龙湾屯镇养老照料中心,北京市顺义区龙湾屯镇龙尹路7号,2500,4000,150,116.877472,40.23375639
北京市昌平区南口镇敬老院,北京市昌平区南口镇七间房村,3300,15000,180,116.1695297,40.23752537
北京市昌平区城北街道敬老院,北京市昌平区中山路甲2号,4900,9200,126,116.2473176,40.23934365
北京市平谷区黄松峪乡敬老院,北京市平谷区黄松峪乡黄松峪村南277号,2900,6900,60,117.2680172,40.23934998
昌平区流村镇人民政府敬老院,北京市昌平区流村镇高口村东敬老院6号,1800,1800,160,116.104186,40.24069705
北京市昌平区南口镇桃洼敬老院,北京市昌平区南口镇桃洼村东182号,3000,5500,110,116.0983974,40.24165534
北京慷宁养老服务有限公司,北京市昌平区桃峪口村村南活动站121室,7500,9500,80,116.4475418,40.24250554
北京市昌平区爱地老人颐养中心,昌平区水库路西侧朝凤社区（朝凤路临300号）,3385,8085,202,116.2669227,40.24306075
北京市顺义区北石槽镇养老照料中心,北京市顺义区北石槽镇南石槽村幸福东街临26号,3200,5200,150,116.5280066,40.24379548
 北京市平谷区刘家店镇敬老院,北京市平谷区刘家店镇银店大街35号,1600,3600,156,117.0228586,40.24627375
北京昌平安乐祥居老年公寓,北京市昌平区南口镇龙虎台村,3000,10000,292,116.1605071,40.24825734
北京市昌平区香堂敬老院,北京市昌平区崔村镇香堂村,500,8000,165,116.372226,40.25001662
北京市昌平区南口镇照料中心,北京市昌平区南口镇新兴路13号,7990,11510,150,116.1382065,40.25006873
北京市昌平区十三陵镇温馨老年公寓,北京市昌平区十三陵镇神路东侧500米南新村,1850,11000,3332,116.2448858,40.25889896
北京市昌平区十三陵镇老人服务中心,北京市昌平区十三陵镇王庄村东侧临106号,1200,1200,106,116.2269368,40.2695501
千禾养老十三陵院,北京市昌平区十三陵镇王庄村,3100,8400,97,116.2269368,40.2695501
北京市平谷区大华山镇敬老院,北京市平谷区大华山镇大峪子村东109号,1600,4200,80,117.0569073,40.27961686
北京阳光金宇养老服务有限公司,昌平区十三陵镇北新村社区居委会北100米,1800,4500,60,116.2570821,40.2861486
北京怀柔银铃院养老服务中心,北京市怀柔区杨宋镇仙台村652号,3100,10700,150,116.68771,40.28680217
悦之府国际退休村,怀柔区庙城镇悦之府国际退休村,6800,8800,211,116.6515995,40.29064659
北京市平谷区熊儿寨乡敬老院,北京市平谷区熊儿寨乡熊儿寨东路225号,1300,3500,40,117.1406531,40.29128167
北京市怀柔区庙城镇养老照料中心,北京怀柔区庙城郑重庄村634号4幢,3500,6000,142,116.6226233,40.29161689
康宁养老照料中心,怀柔区桥梓镇东茶坞村217号,4000,10000,100,116.5574575,40.29236692
北京市昌平区十三陵镇长陵敬老院,北京市昌平区十三陵镇景陵村延寿镇社区卫生院北侧,3000,8000,120,116.2576048,40.30100429
北京怀柔北房镇和美安吉养老照料中心,北京市怀柔区北房镇南房村501号,850,7750,90,116.6973506,40.31887903
北京怀柔尚颐嘉养老服务中心,北京市怀柔区北房镇南房村东,2000,5500,180,116.6973506,40.31887903
北京市密云区东邵渠镇社会福利中心,北京市密云县东邵渠镇石峨村,1400,3600,150,116.9733227,40.32620369
北京市密云区河南寨镇社会福利中心,密云区河南寨镇北金沟屯村西,1500,3350,171,116.8321171,40.33214817
北京市密云区纳洪福敬老院,北京市密云县河南寨镇政府西500米,2000,4800,150,116.8292219,40.33706633
北京怀柔幸福里养老中心,北京市怀柔区北大街26号北京怀柔幸福里养老中心,3500,8000,188,116.63997,40.34119548
北京市怀柔区北房镇敬老院,北京市怀柔区北房镇安各庄村463号,2900,7700,120,116.7088849,40.3433776
北京市密云区古春敬老院,北京市密云区河南寨镇北单家庄村路口北侧,2200,5000,301,116.8523362,40.34641712
密云区长寿春敬老院,北京市密云区十里堡镇清水潭村村西200米,2300,3400,100,116.7489646,40.35129182
北京市密云区康乐寿养老院,北京市密云区河南寨镇提辖庄村东,1800,4200,100,116.8807029,40.3568627
北京市怀柔区九渡河镇养老院,怀柔区九渡河镇黄坎村西,3000,5500,100,116.4749868,40.36648709
北京市密云区十里堡镇社会福利中心,北京市密云县十里堡镇靳各寨村南,2000,3000,80,116.7937586,40.3666957
北京怀柔爱侬养老照料中心,北京市怀柔区怀柔镇东四村怀柔镇敬老院西侧,3000,6900,48,116.6531717,40.36771445
北京市密云区老年乐养老服务中心,密云县巨各庄镇金山子村北,1800,3600,100,116.9948775,40.36772325
北京市怀柔区怀柔镇敬老院,北京市怀柔区怀柔镇东四村,3000,5000,52,116.6431532,40.37167055
瑞福隆安养老院,北京市密云区十里堡镇双井工业大院,2000,5000,50,116.8057617,40.37201004
北京怀柔怀柔镇安馨敬养养老照料中心,北京市怀柔区怀柔镇芦庄村186号,850,3350,56,116.6273888,40.37761958
北京市密云区巨各庄镇养老照料中心,北京市密云区巨各庄镇蔡家洼1号商业门面房,2300,7000,156,116.9014151,40.38081391
北京市密云区鼓楼街道社会福利中心,北京市密云区鼓楼街道行宫东区,2000,4300,150,116.8716022,40.384303
北京市密云区益寿敬老院,密云县兴云路季庄农贸市场北侧,2000,5000,130,116.8354597,40.38431694
北京市密云区行宫安霞养老院,北京市密云区鼓楼街道行宫前街南侧,2000,3800,122,116.8716911,40.38594495
北京市密云区行宫福乐养老院,密云区鼓楼街道行宫前街南侧,1600,2800,102,116.8716911,40.38594495
北京市密云区行宫如家养老院,北京市密云区鼓楼街道行宫前街南侧,2000,3800,136,116.8716911,40.38594495
北京市延庆区井庄镇敬老院,北京市延庆区井庄镇政府路东50米,2500,5500,162,116.9532721,40.38613283
北京市密云区行宫爱心养老院,北京市密云区鼓楼街道行宫南区前街南侧,2000,3800,28,116.87429,40.3864719
北京市延庆区瑞康缘老年养护中心,北京市延庆区康庄镇四街村12号,1800,5200,175,115.9012975,40.38727554
北京市密云区和颐园养老服务中心,北京市密云区巨各庄镇东白岩村,700,2500,150,116.9224453,40.38834034
北京市密云区巨各庄镇社会福利中心,北京市密云区巨各庄镇后焦家坞村,2300,3400,100,116.9515424,40.38877372
北京怀柔渤海镇鸿德慈养老照料中心,北京市怀柔区渤海镇六渡河村30号,700,7000,45,116.543417,40.39074348
北京市密云区仁孝养老护理中心,密云区云西经济开发区雁密路8号（仓头村东侧）,1800,4700,82,116.7583663,40.40029754
北京市密云区大城子镇社会福利中心,北京市大城子镇聂家峪村,1500,4000,80,117.1227091,40.40030764
密云镇社会福利中心,密云县密云镇沙河白石岭村教练场院内,1600,5600,96,116.8566751,40.41318613
北京市怀柔区怀北镇养老照料中心,北京市怀柔区怀北镇怀北火车站一区27号,3200,9500,238,116.6957956,40.41431204
北京市怀柔区渤海镇敬老院,北京市怀柔区渤海镇渤海所村西,2100,3300,68,116.5185007,40.42328315
北京市密云区永春养老院,密云县穆家峪镇南穆家峪村西（原供销社）,1600,4000,102,116.9502407,40.42592092
北京市密云区穆家峪镇养老照料中心,北京市密云区穆家峪镇南穆家峪村西（原供销社院内）,2000,4500,158,116.9502407,40.42592092
北京市密云区福泰康敬老院,北京市密云县溪翁庄镇东智东村,2100,5400,170,116.8592394,40.42907992
北京市密云区福寿苑养老院,北京市密云区穆家峪镇荆子峪村,2200,4800,52,117.0066489,40.43619764
北京大庄科夕阳红养老服务中心,北京市延庆区大庄科乡大庄科村村委会南50米,2000,5000,100,116.2352264,40.44165484
密云区檀营养老照料中心,密云区檀营西路沙河火车站北,3000,7900,156,116.7265808,40.44607436
北京市延庆区夕阳红养老院,北京市延庆区大榆树镇夕阳红养老院,2000,5000,150,116.027257,40.44609406
北京市延庆区瑞康缘百泉养老照料中心,北京市延庆区百泉街道南菜园二区甲57号楼,1500,2100,63,115.9822737,40.45076659
新华家园颐享社区,北京市延庆区鸿川北路2号院,8800,16000,182,115.9982683,40.45388564
北京市延庆区光荣院,北京市延庆区南菜园妫水南街8号,3000,3000,96,115.9898926,40.45539014
延庆区寸草春晖养老服务中心,北京市延庆区妫水南街功德巷1号,4075,15250,200,115.9903844,40.45555388
北京君信康养老服务有限公司儒林分公司,北京市延庆区延庆镇东街26号4幢1至3层全部,9300,13050,50,115.9798006,40.46476535
北京市延庆区益寿苑老年公寓,北京市延庆区日上批发市场西门北20米,2100,5000,116,116.0105849,40.46752162
北京妫川相伴养老服务中心,北京市延庆区延庆镇上水磨村113号,2500,4500,130,115.9695157,40.47665179
北京市延庆区温馨之家养老院,延庆镇王庄职工公寓西侧50米（北关村办公楼）,2100,7800,100,115.9635816,40.47716512
北京市密云区溪翁庄镇社会福利中心,北京市密云区溪翁庄镇溪翁庄村,2100,5000,282,116.84498,40.47769938
北京市延庆区永聚养老院,北京市延庆区张山营镇张山营村,1500,5300,100,115.8676981,40.48576671
北京市延庆区张山营镇养老照料中心,北京市延庆区张山营镇张山营村原村委会院内,1500,5500,50,115.8676981,40.48576671
延庆沈家营镇养老照料中心,北京市延庆区沈家营镇天成中路1号院21号楼1层101,3000,5700,42,116.0515283,40.4913846
北京市延庆区同馨乐养老院,北京市延庆区延庆镇唐家堡村,2600,5000,70,116.0019449,40.49649994
北京市延庆区敬善养老院,北京市延庆区沈家营镇香村营村敬善养老院,3100,4100,100,116.0978503,40.50237085
北京市密云区北庄镇社会福利中心,北庄镇北庄村南山,1400,3600,80,117.1714154,40.50985608
北京市延庆区延年敬老院,北京市延庆区永宁镇王家山村,1600,3800,80,116.2016481,40.51220952
圣人居养老照料中心,北京市延庆区永宁镇太平街村（兴华福利毛织厂南1米）,2500,5500,100,116.1762441,40.54137681
北京市密云区太师屯镇养老照料中心,北京市密云区太师屯镇葡萄园村468号,1800,4000,80,117.1360256,40.54179925
厚德养老院,北京市延庆区旧县镇旧小路4号,3150,6600,110,116.091925,40.55552597
北京市密云区不老屯镇社会福利中心,密云区不老屯镇不老屯村,1900,3600,271,116.9890107,40.5737003
北京市密云区太师屯镇社会福利中心,北京市密云区太师屯镇沙峪村北,1500,3600,179,117.218269,40.58626614
北京市怀柔区琉璃庙镇敬老院,怀柔区琉璃庙镇柏查子村,1700,5200,72,116.6697313,40.609662
北京市密云区新城子镇爱荣社区服务中心,密云县新城子镇新城子村(新城子镇新城子村原农产品市场),3600,4100,115,117.3375317,40.64532687
北京市密云区石城镇社会福利中心,北京市密云区石城镇四合堂村,1600,3200,72,116.7523242,40.64781955
高岭镇社会福利中心,北京市密云区高岭镇上甸子村,1800,4000,116,117.1227747,40.65500556
北京市怀柔区汤河口镇敬老院,北京市怀柔区汤河口镇大黄塘村北,1600,5700,68,116.6473959,40.72305562
北京市怀柔区长哨营满族乡敬老院,北京市怀柔区长哨营满族乡七道河村村北,3100,4100,70,116.7573251,40.80025951
北京市怀柔区喇叭沟门满族乡敬老院,北京市怀柔区喇叭沟门满族乡喇叭沟门村敬老院,2500,5600,78,116.6270573,40.90555107
